{"is_source_file": false, "format": "", "description": "", "external_files": [], "external_methods": [], "published": [], "classes": [], "methods": [], "calls": [], "search-terms": [], "state": 2, "file_id": 3, "knowledge_revision": 16, "git_revision": "fb0fe0b0a2ab7dcdd4d98b7fd4a4bbf72fe7b246", "hash": "d2b40d02d5f7873d8a6713bad837edd4", "format-version": 4, "code-base-name": "todo_frontend", "filename": "todo_frontend/public/index.html", "revision_history": [{"16": "fb0fe0b0a2ab7dcdd4d98b7fd4a4bbf72fe7b246"}]}