{"is_source_file": true, "format": "JavaScript module (.mjs)", "description": "ESLint configuration file that sets linting rules, parser options, and plugins for a JavaScript/React project.", "external_files": ["@eslint/js", "eslint-plugin-react"], "external_methods": [], "published": [], "classes": [], "methods": [], "calls": ["pluginJs", "pluginReact", "pluginJs.configs.recommended"], "search-terms": ["eslint.config", "eslint", "linting rules", "eslint plugins", "parserOptions", "react"], "state": 2, "file_id": 5, "knowledge_revision": 18, "git_revision": "fb0fe0b0a2ab7dcdd4d98b7fd4a4bbf72fe7b246", "hash": "be6538e7523bc2e9da0743133d784136", "format-version": 4, "code-base-name": "todo_frontend", "filename": "todo_frontend/eslint.config.mjs", "revision_history": [{"18": "fb0fe0b0a2ab7dcdd4d98b7fd4a4bbf72fe7b246"}]}