{"is_source_file": false, "format": "", "description": "", "external_files": [], "external_methods": [], "published": [], "classes": [], "methods": [], "calls": [], "search-terms": [], "state": 2, "file_id": 6, "knowledge_revision": 19, "git_revision": "fb0fe0b0a2ab7dcdd4d98b7fd4a4bbf72fe7b246", "hash": "6c2104b8d219ed99234ae2d6329f4357", "format-version": 4, "code-base-name": "todo_frontend", "filename": "todo_frontend/src/index.css", "revision_history": [{"19": "fb0fe0b0a2ab7dcdd4d98b7fd4a4bbf72fe7b246"}]}