{"is_source_file": true, "format": "JavaScript", "description": "This file is the entry point for a React application, rendering the root component into the DOM.", "external_files": ["react", "react-dom/client", "./index.css", "./App"], "external_methods": ["ReactDOM.createRoot", "root.render"], "published": ["React", "ReactDOM"], "classes": [], "methods": [{"name": "ReactDOM.createRoot", "description": "Creates a root to render React components into a DOM node."}, {"name": "root.render", "description": "Renders React elements into the root."}], "calls": ["ReactDOM.createRoot", "root.render"], "search-terms": ["React", "index.js", "render", "React.StrictMode", "ReactDOM.createRoot", "App component"], "state": 2, "file_id": 8, "knowledge_revision": 24, "git_revision": "fb0fe0b0a2ab7dcdd4d98b7fd4a4bbf72fe7b246", "ctags": [{"_type": "tag", "name": "root", "path": "/home/kavia/workspace/code-generation/simple-to-do-list-201566-201599/todo_frontend/src/index.js", "pattern": "/^const root = ReactDOM.createRoot(document.getElementById('root'));$/", "language": "JavaScript", "kind": "constant"}], "hash": "9fc5841375336fc175b49f8767a11383", "format-version": 4, "code-base-name": "todo_frontend", "filename": "todo_frontend/src/index.js", "revision_history": [{"24": "fb0fe0b0a2ab7dcdd4d98b7fd4a4bbf72fe7b246"}]}