{"is_source_file": false, "format": "", "description": "", "external_files": [], "external_methods": [], "published": [], "classes": [], "methods": [], "calls": [], "search-terms": [], "state": 2, "file_id": 4, "knowledge_revision": 17, "git_revision": "fb0fe0b0a2ab7dcdd4d98b7fd4a4bbf72fe7b246", "hash": "d001d53c059625c4bcf75bf5a7f3fcf0", "format-version": 4, "code-base-name": "todo_frontend", "filename": "todo_frontend/package.json", "revision_history": [{"17": "fb0fe0b0a2ab7dcdd4d98b7fd4a4bbf72fe7b246"}]}