{"is_source_file": false, "format": "", "description": "", "external_files": [], "external_methods": [], "published": [], "classes": [], "methods": [], "calls": [], "search-terms": ["CSS", "theme management", "variables", "dark mode", "style"], "state": 2, "file_id": 9, "knowledge_revision": 20, "git_revision": "fb0fe0b0a2ab7dcdd4d98b7fd4a4bbf72fe7b246", "hash": "22f9e17cc1848b56dbb244518ac2707e", "format-version": 4, "code-base-name": "todo_frontend", "filename": "todo_frontend/src/App.css", "revision_history": [{"20": "fb0fe0b0a2ab7dcdd4d98b7fd4a4bbf72fe7b246"}]}